****Variant: EVB****,
Manufacturer,Manufacturer Part Number,Distributor,Distributor Part Number,Part,Value,Qty,Name,
,,,,C805,8p,2,C14 C15,
Samsung,CL10B105KO8NNNC,Digikey,1276-1019-2-ND,C603,1u,2,C19 C27,
,CL10B104KO8NNWC,,,C603,100n,3,C20 C28 C30,
Samsung,CL21A226MOCLRNC,,,C805,22u,1,C22,
Murata,NFM21PC105B1C3D,Digikey,490-3912-2-ND,NFM21P,INST,2,C23 C24,
Panasonic,RL81C221MDN1KX,Digikey,P16296-ND,16SEPC220MD,220u,1,C29,
Samsung,C0603C223K5RACTU,,,C603,220n,4,C43 C47 C48 C49,
Kemet,C0603C472K5RACTU,,,C603,4.7n,2,C45 C46,
,BHR-14-VUA,,,14pin_conn_vert,INST,1,CONN1,
,BHR-12-VUA,,,12pin_conn_vert,INST,1,CONN2,
Rohm Semiconductor,RB496EATR,,,RB496EATR,INST,1,D4,
Diodes/Zetex,ZHCS400TA,Digikey,ZHCS400TR-ND,ZHCS400,INST,2,DS1A DS2A,
Belfuse,0ZCG0150BF2C,Digikey,507-1773-2-ND,0ZCC,40 mOhms,1,F1,
Littelfuse Inc.,PICOASMDC010S-2,Digikey,507-1516-2-ND,Fuse805,INST,4,F7 F8 F9 F10,
,,,,CONN2,,3,GND1 GND2 GND3,
Microchip Technology,MCP6561T-E/LT,Digikey,,MCP6561T-E_LT,INST,2,IC1 IC5,
,LV8548MC-AH,,,LV8548MC-AH,INST,1,IC2,
,MC78M05BDTRKG,,,MC78M05BDTRKG,INST,1,IC3,
3M,961206-6404-AR,Digikey,,BDM_no_shroud,INST,1,J1,
Murata,BLM21PG221SN1D,Digikey,490-1054-2-ND,BLM21P,INST,1,L3,
Lite-On,LTST-C190KRKT,,,LED603,INST,1,LED3,
,NXV75UPR,,,PMOS SOT23,INST,1,Q1,
Stackpole Electronics Inc,CSRN2010FKR500,,,CSRN2010,0.5,2,R5 R6,
Yageo,AT0603BRD0710KL,,,R603,10k,4,R9 R10 R11 R23,
,RMCF0603FT8K20,,,R603,8.2k,1,R13,
Vishay Dale,CRCW06031K00FKEAC,,,R603,1k,6,R24 R26 R57 R58 R63 R90,
,RMCF0603FT33K0,,,R603,36k,1,R28,
Yageo,RC0603JR-070RL,,,R603,0,9,R29 R30 R36 R42 R44 R46 R70 R71 R72,
Yageo,RC0603JR-07200RL,,,R603,200,4,R31 R32 R33 R34,
Yageo,RC0603FR-0791KL,,,R603,91k,2,R37 R55,
Yageo,RC0603FR-0762KL,,,R603,62k,2,R38 R54,
Yageo,RMCF0603JT200K,,,R603,200k,2,R39 R60,
Yageo,RT0603DRE0710KL,,,R603,10k,6,R40 R61 R62 R76 R78 R79,
Stackpole Electronics Inc.,RC1608F133CS,,,R603,13k,1,R41,
,RMCF0603JT120R,,,R603,120,1,R89,
,,,,R1206,1400,1,RS2A,
,,,,R1206,3000,3,RS2B RS3A RS3B,
,,,,R1206,330,2,RS4A RS4B,
,DMN32D2LDF-7,,,DMN32D2LDF,INST,2,SS2A SS2B,
Allegro,A4954ELPTR-T,Digikey,620-1384-1-ND,A4954ELPTR-T,INST,1,U3,
Diodes Inc.,DT1042-04SO-7,Digikey,DT1042-04SO-7DICT-ND,HDMIULC6-4SC6,INST,4,U8 U15 U16 U17,
STMicroelectronics,ETP01-2821,Digikey,497-8909-6-ND,ETP01-2821,INST,2,U9 U21,
TI,SN65HVDA100QDRQ1,,,TI_LIN_SN65HVDA100-Q1,INST,2,U22 U24,
STMicroelectronics,ST715MR,,,ST715,INST,1,U23,
TI,SN65HVD1040DR,Digikey,,SND65HVD230,INST,1,U30,
NXP,S9S12G96F0CLH,,,S12G96 64-pin,INST,1,U32,
FCI,67997-400HLF,,,Jumper,INST,1,U33,
Raltron Electronics,RH100-12.000-8-EXT-TR,,,XTAL-Can,,1,XTAL1,
End of Regular BOM,
DNI List:,C1 C[2-3] C4 C5 C6 C44 D[1-3] D[6-7] L[1-2] LED4 LED6 LED5 LED7 R1 R2 R35 R3 R4 R12 R14 R75 RS5A RS5B R43 R45 R49 R56 RS1*A RS1*B RS1A RS1B R[64-67] SW[1-2] U1,
Board info:,
Board size in mils: 0 x 0 and board size in mm: 0.00 x 0.00,
Parts Counts-> Total_Parts: 101 SM: 0 TH: 101 Unique_Parts: 48 SM: 0 TH: 48,
Counts-> SM-pads: 0 TH-pins: 383,
